alias Aidan Aidan Keane <aidan.keane@ed.ac.uk>
alias Aidan_Loe Aidan Loe <bsl28@cam.ac.uk>
alias Alan Alan Godlee <alangodlee@icloud.com>
alias Alan_H Alan Hobbs <alan.hobbs@ed.ac.uk>
alias Andy Andy Griffiths <Andy.Griffiths@ed.ac.uk>
alias GG Angela Godlee <angelagodlee@icloud.com>
alias Anna Anna Webber <agwebber@gmail.com>
alias Brig Brigadier Libanda <brigadier.libanda@ed.ac.uk>
alias Cameron Cameron Fox-Clarke <cameron.foxclarke@gmail.com>
alias Caroline Caroline Lehmann <caroline.lehmann@ed.ac.uk>
alias Casey Casey Ryan <casey.ryan@ed.ac.uk>
alias ECO East Coast Organics <admin@eastcoastorganics.co.uk>
alias Ebuka Ebuka <s1356793@sms.ed.ac.uk>
alias Ed Edward Mitchard <edward.mitchard@ed.ac.uk>
alias Emma Emma Graf <Emma.Graf@ed.ac.uk>
alias Felix Felix Trotter <felix.trotter@ed.ac.uk>
alias Fiona Fiona Philippi <Fiona.Philippi@ed.ac.uk>
alias Francisco Francisco Maiato Goncalves <francisco.maiato@gmail.com>
alias Gail Gail Jackson <g.jackson@ed.ac.uk>
alias Gemma Gemma Bramley <g.bramley@kew.org>
alias Geoff Geoff Wells <Geoff.Wells@ed.ac.uk>
alias Gergana Gergana Daskalova <gndaskalova@gmail.com>
alias Graham Graham Walker <g.walker@ed.ac.uk>
alias Hamish Hamish Creber <s1110849@sms.ed.ac.uk>
alias Ellie Helena 'Ellie' Wood <helena.wood@ed.ac.uk>
alias Iain Iain McNicol <I.McNicol@ed.ac.uk>
alias Isla Isla Myers-Smith <isla.myers-smith@ed.ac.uk>
alias James James Fitzmaurice <j.fitzmaurice@sheffield.ac.uk>
alias Jan Jan from Hay Festival <janlpmn@aol.com>
alias Jess_R Jess Rickenback <jess.rickenback@ed.ac.uk>
alias Jess Jessica Finan <jessica.finan@sruc.ac.uk>
alias Morman John Morman <john.morman@ed.ac.uk>
alias Josephine Josephine Pemberton <j.pemberton@ed.ac.uk>
alias Kate Kate Saunders <kate.saunders@ed.ac.uk>
alias Margaret Margaret Graham <margaret.graham@ed.ac.uk>
alias Wayne Wayne Twine <wayne.twine@wits.ac.za>
alias Mariana Mariana Garcia Criado <mariana.garcia.criado@ed.ac.uk>
alias Martha Martha Cronin <m.cronin@ed.ac.uk>
alias Mat Mat Williams <mat.williams@ed.ac.uk>
alias Morna Morna Brown <mornabrown@gmail.com>
alias Murray Murray Roberts <murray.roberts@ed.ac.uk>
alias Owen Owen Macdonald <owen.macdonald@ed.ac.uk>
alias Richard Richard Essery <richard.essery@ed.ac.uk>
alias Rosie Rosamund Fitzmaurice <rosiefitzmaurice@live.com>
alias Sam Sam Bowers <sam.bowers@ed.ac.uk>
alias Sandra Sandra Godlee <sgodlee67@gmail.com>
alias Steve Steven Hancock <steven.hancock@ed.ac.uk>
alias Surabhi Surabhi Ranavat <s1583565@sms.ed.ac.uk>
alias Susan_F Susan Fitzmaurice <susan.m.fitzmaurice@gmail.com>
alias Thom Thom Brade <Thom.Brade@ed.ac.uk>
alias Valter Valter Chissingui <vachissingui@gmail.com>
alias Will Will Goodwin <g.c.h.goodwin@sms.ed.ac.uk>
alias Kyle Kyle Dexter <kdexter@exseed.ed.ac.uk, kgdexter@gmail.com, kyle.dexter@ed.ac.uk>
alias Nina Nina Lindstrom-Friggens <nina.lindstromfriggens1@stir.ac.uk, ninfriggens@hotmail.com>
alias Isla_G Isla  Grundy <isla.grundy@gmail.com>
alias John_gmail John Godlee <johngodlee@gmail.com>
alias John_riseup John Godlee <johngodlee@riseup.net>
alias Rudi Rudi Mears <rudi.mears@gmail.com>
alias Hemant Hemant Tripathi <hemanttripathi05@gmail.com>
alias Tchamba Jose Tchamba <tchamba417@gmail.com>
alias Sandra_AB Sandra Angers-Blondin <s.angers-blondin@ed.ac.uk>
alias Neil_GWA Neil Robertson (Greaves, West and Ayre) <NSR@gwayre.co.uk>
alias Holly_S Holly Shippam <hollyshippam@gmail.com>
alias Alice_D Alice Downham <alicedownham@gmail.com>
alias Cameron_K Cameron Kenworthy <cameron.kenworthy11@gmail.com>
alias Rebecca_A Rebecca Astbury <Rebecca.Astbury@ed.ac.uk>
alias Ross_IT Ross Taylor <ross.taylor@ed.ac.uk>
